Unnamed: 0.1,Unnamed: 0,Dizi İsimleri,Yapım Yılı,Yönetmen,Senarist,Platform,Türler,Aile,Dram,Komedi,Aksiyon,Polisiye,Tarihi,Romantik,Yapım Şirketi,Başroller,Gösterim Süresi,Besteci,Başrollerin Sezon Ortalaması,Yönetmen Sezon Ortalaması,Senarist Sezon Ortalaması,Ödüllü Yönetmen,Ödüllü Aktör,İhraç,Ödüllü Dizi,Sonuç
858,858,Annem,2007,Faruk Teber,Gamze Özer,Kanal D,['Dram'],0,1,0,0,0,0,0,Gold Film,"Vahide Perçin,Duygu Yetiş,Talat Bulut,İlhan Şeşen,Emel Göksu",100,Kıraç,2.83,1.3636363636363635,1.9090909090909087,0,0,0,0,Kısmen Başarılı
859,859,Arka Sıradakiler,2007,Hamdi Alkan,Nur Özlem Elginöz,FOX,"['Gençlik','Dram']",0,1,0,0,0,0,0,MinT Prodüksiyon,"Bülent Emin Yarar,Bülent Çetinaslan,Sinem Öztürk,Barış Atay Mengüllü,Pelin Akil,Fırat Çöloğlu",100,Unknown,3.6931818181818175,2.0,6.0,0,0,0,0,Kısmen Olgun
860,860,Asi,2007,Cevdet Mercan,Şebnem Çitak,Kanal D,"['Dram','Romantik']",0,1,0,0,0,0,1,Sis Yapım,"Tuba Büyüküstün,Murat Yıldırım,Çetin Tekindor,Nur Sürer,Tuncel Kurtiz,Selma Ergeç",84,Unknown,1.776094276094276,1.4,2.5,0,0,0,0,Kısmen Başarılı
861,861,Aşk Kapıyı Çalınca,2007,Ömer Gökhan Erkut,Filiz Alpgezmen,Star TV,"['Dram','Duygusal']",0,1,0,0,0,0,1,Koliba Film,"Burak Kut,Burak Davutoğlu,Erdal Küçükkömürcü,Bahar Öztan,Aslı Yılmaz,Nihal Menzil",80,Tolga Sünter,1.4305555555555556,1.0,2.2,0,0,0,0,Başarısız
862,862,Benden Baba Olmaz,2007,Tankut Kılınç,Murat Aras,Star TV,"['Duygusal','Komedi']",0,1,1,0,0,0,0,Mint Prodüksiyon,"Mine Tugay,Atılgan Gümüş,Okan Tangücü,Volkan Severcan",80,Burcu Güven,1.25,1.0,4.4,0,0,0,0,Başarısız
863,863,Bez Bebek,2007,Serpil Kurtça,Nilbanu Engindeniz,FOX,"['Çocuk','Fantastik','Komedi','Dram']",0,1,1,0,0,0,0,Focus Film,"Evrim Akın,Tan Sağtürk,Alpay Atalan,Fatoş Kabasakal,Reyhan Asena Keskinci,Ege Tanman",80,Cenk Durmazel,2.9166666666666665,2.0,3.0,0,0,0,0,Başarılı
864,864,Bıçak Sırtı,2007,Selim Demirdelen,Gaye Boralıoğlu,Kanal D,"['Aksiyon','Polisiye']",0,0,0,1,0,0,0,TMC,"Nejat İşler,Melisa Sözen,Fikret Kuşkan,Vildan Atasever,Mehmet Günsür",80,Unknown,1.566060606060606,1.0,1.5,0,0,0,0,Başarısız
865,865,Cumhur Cemaat,2007,Ebru Yalçın,Tayfun Güneyer,Star TV,['Komedi'],0,0,1,0,0,0,0,Star TV,"Zafer Algöz,Asuman Dabak,Hakan Bilgin,Umut Oğuz",90,P. Murat Özdemir,1.6464646464646466,2.0,1.6666666666666667,0,0,0,0,Başarısız
866,866,Dudaktan Kalbe,2007,Andaç Haznedaroğlu,Ece Yörenç,Show TV,['Dram'],0,1,0,0,0,0,0,Ay Yapım,"Aslı Tandoğan,Burak Hakkı,Özge Özder,Yiğit Özşener,Fadik Sevin Atasoy",100,Toygar Işıklı,1.7791763791763793,1.6666666666666667,1.9090909090909087,0,0,0,0,Kısmen Başarılı
867,867,Duvar,2007,Volkan Kocatürk,Sergin Akyaz,atv,['Dram'],0,1,0,0,0,0,0,Base Yapım,"Taylan Güner,Sinem Öztürk,Bülent Çetinaslan,Özge Bent",60,Bolahenk,2.0,1.2857142857142858,3.0,0,0,0,0,Başarısız
868,868,Elveda Derken,2007,Hilal Saral Ünalan,Petek Vural,Kanal D,['Dram'],0,1,0,0,0,0,0,Yağmur Ajans,"Ece Uslu,Gökhan Tepe,Burcu Kara,İncilay Şahin,Sinan Sümer",80,Günay Uysal,1.782142857142857,1.5,2.0,0,0,0,0,Kısmen Başarılı
869,869,Elveda Rumeli,2007,Serdar Akar,Alican Yaraş,atv,"['Dram','Tarihî']",0,1,0,0,0,1,0,Adam Film,"Erdal Özyağcılar,Tolgahan Sayışman,Şebnem Sönmez,Gökhan Mete,Mustafa Jasar,Filiz Ahmet",90,Unknown,2.4319444444444445,1.9090909090909087,1.6,0,0,0,0,Başarılı
870,870,Eşref Saati,2007,Zeynep Günay Tan,Raci Şaşmaz,Show TV,"['Komedi','Dram']",0,1,1,0,0,0,0,Pana Film,"Yetkin Dikinciler,Yavuz Bingöl,Ahmet Uğurlu",90,Unknown,1.8194444444444449,2.0,5.333333333333333,0,0,0,0,Kısmen Başarılı
871,871,Evimin Erkeği,2007,Tankut Kılınç,Sevil Kısakürek,TRT 1,"['Aile','Komedi']",1,0,1,0,0,0,0,TRT,"Janset,Mustafa Uğurlu,Alev Oraloğlu,Fatma Karanfil",80,Feyzi Ocak,1.5357142857142856,1.0,1.0,0,0,0,0,Başarısız
872,872,Fedai,2007,Güzide Balcı,Meral Okay,Star TV,['Drama'],0,1,0,0,0,0,1,D Productions,"Seda Sayan,Tamer Karadağlı,Metin Belgin,Güliz Gençoğlu,İpek Tanrıyar,Enginay Gültekin",80,Unknown,1.2083333333333333,1.3333333333333333,1.5,0,1,0,0,Başarısız
873,873,Fesupanallah,2007,Zübeyr Şaşmaz,Hasan Kaçan,atv,"['Komedi','Dram']",0,1,1,0,0,0,0,Pana Film,"Şafak Sezer,Kadir Çöpdemir,Hasan Kaçan,Erdal Tosun,Şebnem Özinal,Hatice Şendil",80,Erkin Koray,1.3625,1.0,1.4,0,0,0,0,Başarısız
874,874,Fikrimin İnce Gülü,2007,Merve Girgin,Ayşin Akbulut,Show TV,['Dram'],0,1,0,0,0,0,0,Med Yapım,"Aydan Şener,Kenan Işık,Başak Parlak,Yasemin Balık",80,Alp Erkin Çakmak,1.2023809523809526,2.0,1.0,0,0,0,0,Başarısız
875,875,Fırtınalı Aşk,2007,Ayşe Çelik Gürsoy,Tolga Küçük,atv,['Dram'],0,1,0,0,0,0,0,Med Yapım,"Tuğba Koçak,Lemi Filozof,Aslı Aybars",75,Ercan Saatçi,1.0,1.0,1.0,0,0,0,0,Başarısız
876,876,Geniş Zamanlar,2007,Serdar Akar,Mahinur Ergun,Star TV,['Dram'],0,1,0,0,0,0,0,Koliba Film,"Zuhal Olcay,Özge Özberk,Oktay Kaynarca",75,Gökhan Kırdar,1.5805555555555555,1.9090909090909087,1.625,0,0,0,0,Başarısız
877,877,Genco,2007,Kemal Uzun,İlker Barış,Kanal D,['Dram'],0,1,0,0,0,0,0,D Productions,"Alpay Kemal Atalan,Selen Seyven,Hazal Kaya",80,Cem Erman,1.5,1.1428571428571428,1.0,0,0,0,0,Başarısız
878,878,Gönül Salıncağı,2007,Şenol Sönmez,Ayşe Şule Bilgiç,TRT 1,['Dram'],0,1,0,0,0,0,0,Mayadroom Ajans,"Ayşe Şule Bilgiç,Tufan Kıraç,Erdal Tosun,Ecem Uzun",80,Tufan Kıraç,1.0,1.125,1.0,0,0,0,0,Başarısız
879,879,Hakkını Helal Et,2007,Naci Çelik Berksoy,Onur Ünlü,Samanyolu TV,"['Dram','Dini']",0,1,0,0,0,0,0,Ser Film,"Necla Nazır,Kaan Girgin,Okan Patırer",80,Erhan Güleryüz,1.1666666666666667,2.6,2.1666666666666665,0,0,0,0,Başarısız
880,880,Hayal ve Gerçek,2007,Gürcan Mete Şener,Gani Müjde,atv,"['Komedi','Fantastik','Romantik']",0,0,1,0,0,0,1,Süreç Film,"Yasemin Hadivent,Cem Kılıç,Zuhal Yalçın",70,Temel Zümrüt,1.0666666666666669,1.0,1.736842105263158,0,0,0,0,Başarısız
881,881,Hepsi 1,2007,Kartal Çidamlı,Ahmet Saatçioğlu,Show TV,"['Duygusal','Komedi']",0,0,1,0,0,0,1,Süreç Film,"Cemre Kemer,Eren Bakıcı,Gülçin Ergül,Yasemin Yürük",86,Mustafa Ceceli,2.0,1.75,1.5,0,0,0,0,Kısmen Başarılı
882,882,Kara Duvak,2007,Şahin Gök,Nuran Devres,Show TV,['Dram'],0,1,0,0,0,0,0,Pastel Film,"Hande Ataizi,Tuncel Kurtiz,Teoman Kumbaracıbaşı,Ayçin İnci",80,Mazlum Çimen,1.775,1.0,1.5,0,1,0,0,Başarısız
883,883,Kara İnci,2007,Ersoy Güler,Kurtuluş Balekoğlu,atv,"['Macera','Fantastik']",0,0,0,1,0,0,0,Avşar Film,"Ebru Özkan,Yetkin Dikinciler,Tunca Aydoğan",75,Uğur Akyürek,1.193181818181818,2.0,1.0,0,0,0,0,Başarısız
884,884,Karayılan,2007,Cem Akyoldaş,Kuledibi Senaryo Grubu,atv,"['Tarihî','Dram']",0,1,0,0,0,1,0,ATV,"Bülent İnal,Begüm Birgören,Engin Akyürek",83,Orient Expressions,1.5174242424242426,1.25,1.0,0,0,0,0,Başarısız
885,885,Kavak Yelleri,2007,Jale İncekol,Nükhet Bıçakçı,Kanal D,"['Gençlik','Dram']",0,1,0,0,0,0,0,Tims Productions,"Dağhan Külegeç,Pelin Karahan,İbrahim Kendirci,Aslı Enver,Sarp Apak",100,Pinhani,2.4,5.0,2.5,0,1,0,0,Kısmen Olgun
886,886,Komedi Dükkanı,2007,Ebru Yalçın,Tolga Çevik,Star TV,['Komedi'],0,0,1,0,0,0,0,Plato Film,Tolga Çevik ,70,Unknown,3.0,2.0,3.0,0,0,0,0,Başarılı
887,887,Kurtlar Vadisi Pusu,2007,Sadullah Şentürk,Raci Şaşmaz,Show TV,"['Aksiyon','Dram','Politik']",0,1,0,1,0,0,0,Pana Film,"Necati Şaşmaz,Cahit Kayaoğlu,Erhan Ufak,Ertuğrul Şakar,Gaye Gürsel,Defne Samyeli,Gürkan Uygun",120,Gökhan Kırdar,6.246031746031746,2.7142857142857144,5.333333333333333,0,0,0,0,Olgun
888,888,Kuzey Rüzgârı,2007,Mustafa Şevki Doğan,Baykut Badem,Show TV,"['Aşk','Mafya']",0,0,0,0,0,0,1,Duka Film,"Kadir İnanır,Oktay Kaynarca,Ebru Kocaağa,Çağla Kubat,Selçuk Yöntem",80,Aydoğan AtaşSoner Akalın,1.5796825396825398,1.2666666666666666,1.4,0,1,0,0,Başarısız
889,889,Menekşe ile Halil,2007,Uluç Bayraktar,Elif Şafak,Kanal D,"['Aşk','Drama']",0,1,0,0,0,0,1,Ay Yapım,"Kıvanç Tatlıtuğ,Sedef Avcı",100,Toygar Işıklı,1.5208333333333337,1.6666666666666667,1.0,1,1,0,0,Başarısız
890,890,Nazlı Yarim,2007,Cemile Kırmızı Karadaş,Özlem Dumludağ,Show TV,['Dram'],0,1,0,0,0,0,0,Pana Film,"Zeynep Beşerler,Nusret Çetinel,Fırat Doğruloğlu,Fatih Dokgöz",80,Unknown,2.1875,1.0,1.0,0,0,0,0,Başarısız
891,891,Parmaklıklar Ardında,2007,Nisan Akman ,Seda Altaylı,atv,"['Suç','Dram']",0,1,0,1,0,0,0,Play Prodüksiyon,"Selda Alkor,Serra Yılmaz,Yelda Reynaud,Özlem Düvencioğlu,Zeynep Eronat,Sinan Albayrak",90,Özer Taşkın,2.3000000000000003,3.0,3.0,0,1,0,0,Başarılı
892,892,Pusat,2007,Abdülkadir Ceylan Ede,Uğur Önver,Show TV,"['Aksiyon','Dram']",0,1,0,1,0,0,0,Sinegraf ltd,"Luk Piyes,Yasemin Balık,Şahin Çelik",90,Aytuğ Yargıç,1.0,1.5,1.0,0,0,0,0,Başarısız
893,893,Sana Mecburum,2007,Hakan Arslan,Cem Görgeç,Kanal D,['Dram'],0,1,0,0,0,0,0,Fm Yapım,"Doğuş,Mehtap Bayrı,Ali Sunal,Nihat Nikerel,Berke Üzrek",84,Cengiz Onural,1.2333333333333334,1.8571428571428568,1.0,0,0,0,0,Başarısız
894,894,Senden Başka,2007,Metin Balekoğlu,Ayşem Özge Yoldaş,atv,"['Dram','Komedi']",0,1,1,0,0,0,0,Tims Productions,"Saadet Işıl Aksoy,Tolga Futacı,Ezgi Mola,İpek Yalvacıoğlu",83,Taner Ayan,1.25,1.0833333333333333,1.0,0,1,0,0,Başarısız
895,895,Sessiz Fırtına,2007,Özer Kızıltan,Ayfer Tunç,Kanal D,['Dram'],0,1,0,0,0,0,0,TMC Film ,"Erkan Petekkaya,Arzum Onan,Bahar Kerimoğlu,Bsete Bereket,Mesut Akusta",84,Unknown,1.4292307692307693,1.25,1.0,0,1,0,0,Başarısız
896,896,Sessiz Gemiler,2007,Filiz Kaynak,Çetin Büyükakın,atv,['Dram'],0,1,0,0,0,0,0,Yağmur Ajans ,"Savaş Dinçel,Gülsüm Kamu,Ayhan Kavas,Yeşim Salkım",83,Ali Otyam,2.1666666666666665,1.0,2.333333333333333,0,0,0,0,Başarısız
897,897,Sevgili Dünürüm,2007,Hakan Algül,Mahinur Ergun,Star TV,['Durum komedisi'],0,0,1,0,0,0,0,Gold Film,"Engin Altan Düzyatan,Rojda Demirer,Haluk Bilginer,Sumru Yavrucuk",80,Unknown,1.499475524475525,1.5,1.625,0,1,0,0,Başarısız
898,898,Sır Gibi,2007,Şengül Halat,Neslihan Eyüboğlu,Star TV,"['Aile','Dram','Aşk']",1,1,0,0,0,0,1,FM Yapım,"İsmet Üstekin,Kaya Erdaş,Tuğçe Ersoy,Murat Ünalmış,Ece Özdikici",80,Nail Yurtsever,1.2555555555555555,1.0,1.0,0,0,0,0,Başarısız
899,899,Son Tercih,2007,Aslı Kaygusuz,Volkan Sümbül,Show TV,['Komedi'],0,0,1,0,0,0,0,Fergün Filmcilik,"Tayfun Eraslan,Selin İşcan,Bilge Şen,Zeynep Irgat",80,Ulaş Özdemir,1.3125,1.0,1.5,0,0,0,0,Başarısız
900,900,Tatlı Bela Fadime,2007,Cankat Ergin,Suna Dölek,Star TV,['Romantik komedi'],0,0,1,0,0,0,1,Erler Film,"Nehir Erdoğan,Berk Oktay,Cezmi Baskın,Füsun Demirel",80,Ömer Avcı,1.91875,1.75,1.0,0,0,0,0,Başarısız
901,901,Tek Türkiye,2007,Naci Çelik Berksoy,Ali Kara,Samanyolu TV,"['Dram','Aksiyon']",0,1,0,1,0,0,0,Ser Film,"Ozan Çobanoğlu,Müjgan Koraltürk,Süleyman Karadağ",90,Unknown,4.666666666666667,2.6,2.5,0,0,0,0,Başarılı
902,902,Üç Tatlı Cadı,2007,Özügr Özatay,Tolga Küçük,FOX,"['Aile','Komedi']",1,0,1,0,0,0,0,Med Yapım,"İlker İnanoğlu,Alp Kırşan,Berksan,Asuman Dabak",98,Targan Berk Türe,2.2847222222222223,1.0,1.0,0,0,0,0,Başarısız
903,903,Vazgeç Gönlüm,2007,Ahmet Sönmez,Ayşe Teker,Star TV,"['Dram','Aksiyon']",0,1,0,1,0,0,0,Gold Film,"Murat Han,İrem Altuğ,Bulut Aras",80,Unknown,1.9444444444444449,1.3333333333333333,2.5,0,0,0,0,Kısmen Başarılı
904,904,Yaralı Yürek,2007,Celal Çimen,Sevgi Saygı,Show TV,['Dram'],0,1,0,0,0,0,0,Limon Yapım,"Vildan Atasever,Serdar Özer,Gökhan Atalay,Tamer Levent",80,Unknown,1.190909090909091,1.0,1.0,0,0,0,0,Başarısız
905,905,Yasak Elma,2007,Mustafa Altıoklar,Mustafa Altıoklar,Show TV,"['Duygusal','Dram']",0,1,0,0,0,0,0,İstanbullu Sinema Teknik Malzemeleri,"Cengiz Küçükayvaz,Yıldız Asyalı,Lemi Filozof,Melda Gür",80,Unknown,1.5,1.5,1.0,0,0,0,0,Başarısız
906,906,Yemin,2007,Serkan Birinci,Gökhan Zincir,FOX,"['Dram','Aile']",1,1,0,0,0,0,0,Focus Film,"Tuba Ünsal,Barış Yalçın,Zeynep Irgat",98,Erdal Güney,1.4833333333333334,2.0,2.0,0,0,0,0,Kısmen Başarılı
907,907,Yeni Evli,2007,Alper Tunga Özdemir,Zehra Çelenk,TRT 1,"['Dram','Komedi']",0,1,1,0,0,0,0,Tunga Film,"Cüneyt Mete,Nur Yazar,Zerrin Epikmen,Dilhan Aras",35,Can Algeç,1.6,1.0,1.0,0,0,0,0,Başarısız
908,908,Yersiz Yurtsuz,2007,Şafak Bal,Ali Ulvi Hünkar,atv,['Dram'],0,1,0,0,0,0,0,Avşar Film,"Ferdi Tayfur,Şerif Sezer,Nesrin Cavadzade,Sinan Albayrak",83,Nail Yurtsever,1.6791666666666667,1.3333333333333333,1.6666666666666667,0,0,0,0,Kısmen Başarılı
909,909,Zeliha'nın Gözleri,2007,Filiz Kaynak,Mehmet Altıoklar,Star TV,"['Polisiye','Macera']",0,0,0,1,1,0,0,Altıoklar Film Prodüksiyon,"Sarp Levendoğlu,Emel Çölgeçen",80,Unknown,1.4583333333333337,1.0,1.0,0,0,0,0,Başarısız
910,910,Zoraki Koca,2007,Ümit Efekan,Özer Çetinel,Kanal D,"['Komedi','Dram']",0,1,1,0,0,0,0,Kanal D,"Burak özçivit,Özlem Yılmaz,Sümer Tilmaç,Işıl Yücesoy",84,Unknown,1.4047619047619049,3.5,1.0,0,0,0,0,Başarısız
911,911,Acemi Cadı,2006,Feride Kaytan,Gamze Özer,Kanal D,"['Fantastik','Komedi']",0,0,1,0,0,0,0,D Productions,"Merve Boluğur,Şenay Gürler,Nergis Kumbasar,Çağkan Çulha",60,Murat Evgin,1.9023809523809525,1.2222222222222223,1.9090909090909087,0,0,0,0,Kısmen Başarılı
912,912,Adak,2006,Adnan Güler,Gamze Özer,Show TV,['Drama'],0,1,0,0,0,0,1,Gold Film,"Emrah,Hande Subaşı",80,Ali Otyam,1.625,1.6,1.9090909090909087,0,0,0,0,Başarısız
913,913,Ah Polis Olsam,2006,Şahin Alparslan,İnan Güngören,Kanal D,"['Aksiyon','Komedi','Polisiye']",0,0,1,1,1,0,0,Plato Film,"Şafak Sezer,Atilla Ercan,Cem Kılıç,Öykü Serter",84,Unknown,1.14375,1.0,1.0,0,0,0,0,Başarısız
914,914,Arka Sokaklar,2006,Orhan Oğuz,Ahmet Yurdakul,Kanal D,"['Polisiye','Aksiyon','Dram','Komedi']",0,1,1,1,1,0,0,Erler Film,"Zafer Ergin,Özgür Ozan,İlker İnanoğlu,Ozan Çobanoğlu,Özlem Çınar,Oya Okar,Şevket Çoruh",135,Murat Evgin,8.52142857142857,4.4,3.555555555555556,0,0,0,0,Olgun
915,915,Aşk Yolu,2006,Çagatay Tosun,Mine Baysan,atv,['Dram'],0,1,0,0,0,0,0,Sis Yapım,"Bülent İnal,Serap Aksoy,Tuba Büyüküstün,Teoman Kumbaracıbaşı",90,Nail Yurtsever,1.3181818181818183,1.0,1.0,0,0,0,0,Başarısız
916,916,Azap Yolu,2006,Orhan Oğuz,Can Sinan,atv,"['Dram','Aksiyon']",0,1,0,1,0,0,0,Unknown,"Kadir İnanır,Engin Şenkan,Miraç Eronat,Melisa Sözen",83,Taner Ayan,1.4107142857142858,4.4,1.375,0,1,0,0,Başarısız
917,917,Bebeğim,2006,Muharrem Gülmez,Gökhan Horzum,atv,['Dram'],0,1,0,0,0,0,0,BKM film,"Barış Falay,Fırat Doğruloğlu,Dolunay Soysert",83,Unknown,1.388888888888889,1.0,1.5,0,0,0,0,Başarısız
918,918,Binbir Gece,2006,Kudret Sabancı,Yıldız Tunç,Kanal D,['Dram'],0,1,0,0,0,0,0,TMC,"Halit Ergenç,Bergüzar Korel,Tardu Flordun,Ceyda Düvenci,Tomris İncer,Metin Çekmez",90,Unknown,2.1218253968253964,2.1666666666666665,2.0,0,1,1,1,Başarılı
919,919,Candan Öte,2006,Yasemin Türkmenli,Deniz Akçay,Star TV,['Dram'],0,1,0,0,0,0,0,Gold Film,"Naz Elmas,Ataç Arman,Rojda Demirer,Nebahat Çehre",80,Unknown,1.5535714285714288,1.0,1.4285714285714286,0,0,0,0,Başarısız
920,920,Cemile,2006,Özer Kızıltan,Mine Baysan,Show TV,['Dram'],0,1,0,0,0,0,0,Limon Film,"Türkan Şoray,Bulut Aras,Selim Erdoğan,Ali Atay",90,Tamer Çıray,1.880952380952381,1.25,1.0,0,1,0,0,Başarısız
921,921,Doktorlar,2006,Merve Girgin,Nuray Uslu,Show TV,"['Dram','Medikal']",0,1,0,0,0,0,0,Med yapım,"Kutsi,Bekir Aksoy,Yasemin Özilhan,Leyla Göksun,Melike Güner,Yeşim Ceren Bozoğlu",90,Unknown,2.6222222222222222,2.0,2.5,0,0,0,0,Başarılı
922,922,Eksi 18,2006,Ahmet Sönmez,Soner Pehlevan,Kanal 7,"['Dram','Polisiye']",0,1,0,0,1,0,0,Oba Film,"Burak Özçivit,Tuğba Karaca,Mühe Uyar,Aygül Hiçyılmaz",60,Gökhan Tamir,1.25,1.3333333333333333,1.0,0,0,0,0,Başarısız
923,923,Erkekler Ağlamaz,2006,Sadullah Celen,İlker Barış,atv,['Dram'],0,1,0,0,0,0,0,Sis Yapım,"Serhat Tutumluer,Ferit Kaya,Demet Evgar,Şebnem Sönmez,Tuba Erdem",45,Unknown,1.7314285714285718,1.3846153846153846,1.0,0,0,0,0,Başarısız
924,924,Ezo Gelin,2006,Uluç Bayraktar,Arda Uskan,Show TV,['Dram'],0,1,0,0,0,0,0,Show TV,"Onur Ünsal,Ahmet Mümtaz Taylan,Serhat Tutumluer,Nurgül Yeşilçay",80,Unknown,1.5383928571428571,1.6666666666666667,2.0,1,0,0,0,Kısmen Başarılı
925,925,Fırtına,2006,Metin Balekoğlu,Gökhan Horzum,Kanal D,"['Komedi','Aile']",1,0,1,0,0,0,0,BKM,"Burçin Terzioğlu,Murat Yıldırım,Zerrin Sümer,Jale Aylanç,Salih Kalyon",84,Unknown,1.4965079365079363,1.0833333333333333,1.5,0,1,0,0,Başarısız
926,926,Gönül,2006,Faruk Teber,Gani Müjde,Kanal D,"['Komedi','Drama']",0,1,1,0,0,0,1,Masalevi,"Gülben Ergen,Ragıp Savaş,Güven Kıraç,Şevket Çoruh",84,Unknown,2.5541666666666667,1.3636363636363635,1.736842105263158,0,1,0,0,Başarısız
927,927,Gülpare,2006,Andaç haznedaroğlu,Özge Efendioğlu,Show TV,['Dram'],0,1,0,0,0,0,0,Süreç Film,"Emre Altuğ,Mine Tugay,Tamer Levent",80,Unknown,1.277777777777778,1.0,1.0,0,0,0,0,Başarısız
928,928,Hacı,2006,Nazif Tunç,Berrin Tekdemir,Show TV,"['Aksiyon','Polisiye']",0,0,0,1,0,1,0,Naz Film,"Tuncel Kurtiz,Aytaç Arman,Dolunay Soysert,Mehmet Akif Alakurt",80,Mazlum Çimen,1.3875,1.0,1.0,0,0,0,0,Başarısız
929,929,Hatırla Sevgili,2006,Ümmü Burhan,Leyla Olça,atv,"['Dram','Romantik','Tarihî']",0,1,0,0,0,1,1,Sis Yapım,"Cansel Elçin,Beren Saat,Okan Yalabık",120,Unknown,1.730952380952381,2.0,2.0,0,1,0,0,Kısmen Başarılı
930,930,Hayat Türküsü,2006,Hakan Gürtop,Grup Flamingo,TRT 1,"['Dram','Genel']",0,1,0,0,0,0,0,Koliba Film,"Burak Davutoğlu,Devin Özgür Çınar,Sermin Hürmeriç,Aslı Yılmaz,Tolga Evren",71,Derya Köroğlu,1.7833333333333337,1.5,2.0,0,0,0,0,Kısmen Başarılı
931,931,Hayatım Sana Feda,2006,Tarkan Karlıdağ,Gani Müjde,atv,['Dram'],0,1,0,0,0,0,0,Süreç Film,"Tamer Karadağlı,Deniz Uğur,Asu Emre,Şahap Sayılgan",83,Temel Zümrüt,2.1625,2.333333333333333,1.736842105263158,0,1,0,0,Başarısız
932,932,Hisarbuselik,2006,Samet Polat,Sevgi Gül,TRT 1,"['Aile','Dram']",1,1,0,0,0,0,0,TRT,"Mithat Erdemli,Şebnem Gürsoy,Ziya Kürküt,Onur Saylak",74,Kemal Günüç,1.4375,1.0,1.0,0,0,0,0,Başarısız
933,933,İki Aile,2006,Nursan Esenboğa,Saygın Delibaş,Star TV,"['Komedi','Aile']",1,0,1,0,0,0,0,D Productions,"Emre Kınay,İclal Aydın",90,Hakkı Bulut,1.5526315789473686,2.0,2.0,0,0,0,0,Kısmen Başarılı
934,934,Kadın Severse,2006,Bora Tekay,Yelda Açıkgöz,atv,"['Dram','Komedi']",0,1,1,0,0,0,0,Ay yapım,"Hülya Avşar,Cihan Ünal,Deniz Çakır,Zerrin Sümer,Derya Baykal ",83,Aydın Sarman,1.6142857142857143,1.8,1.5,0,0,0,0,Başarısız
935,935,Karagümrük Yanıyor,2006,Hilal Saral Ünalan,Pınar Uysal,Star TV,['Aksiyon'],0,0,0,1,0,0,0,Star TV,"Uğur Arslan,Sinem Öztufan,Cem Kölemenoğlu,Özlem Yılmaz",80,Özhan Eren,1.238095238095238,1.5,1.0,0,0,0,0,Başarısız
936,936,Karınca Yuvası,2006,Raşit Çelikezer,Çetin Büyükakın,Kanal D,"['Komedi','Sitkom']",0,0,1,0,0,0,0,Yağmur Ajans,"Memet Ali Alabora,Emel Sayın,Settar Tanrıöğen,Toprak Sağlam,Bülent Şakrak",84,Müjdat Akgün,1.413333333333333,1.0,2.333333333333333,0,0,0,0,Başarısız
937,937,Kaybolan Yıllar,2006,Gülçin Gülbahçe,Zehra Güleray,Star TV,"['Dram','Duygusal','Polisiye','Aşk']",0,1,0,1,1,0,1,Base Productions,"Yeşim Büber,Saruhan Hünel,Burak Hakkı",70,Bolahenk,2.737373737373737,1.5,1.25,0,0,0,0,Kısmen Başarılı
938,938,Kınalı Kuzular,2006,Tunç Davut,Erkan Akın,TRT 1,['Tarihî'],0,0,0,0,0,1,0,TRT,"Ahmet Mümtaz Taylan,Emin Gürsoy,Kurtuluş Şakirağaoğlu,Demir Karahan",74,Unknown,1.4,1.0,1.0,0,0,0,0,Başarısız
939,939,Kırık Kanatlar,2006,Çağatay Tosun,Gül Dirican,Kanal D,['Dram'],0,1,0,0,0,0,0,Avşar Film,"Mehmet Ali Nuroğlu,Özge Özberk,Cansel Elçin,Begüm Birgören,Şemsi İnkaya,Saygın Soysal,Türkü Hazer,Sermiyan Midyat",84,Toygar Işıklı,1.659970238095238,1.6,2.0,1,0,0,0,Kısmen Başarılı
940,940,Kızlar Yurdu,2006,Ceyda Demir,Yasemin Özbek,Show TV,['Komedi'],0,0,1,0,0,0,0,Altıoklar Film Prodüksiyon,"Melike Güner,Eylem Yıldız,Pelinsu Pir,Arzu Oş,Fethi Kantarcı,Özlem Durmaz",80,Nil Karaibrahimgil,1.25,1.0,1.0,0,0,0,0,Başarısız
941,941,Kod Adı,2006,Tevfik Şenol,Zeki Gürdal Karaoğlu,Kanal D,['Polisiye'],0,0,0,1,1,0,0,Serap Yapım,"Gerçek Sağlar,Özgür Özberk,Korel Cezayirli,Onur Saylak,Nuri Gökaşan",84,Can Atilla,1.3166666666666669,1.0,1.0,0,0,0,0,Başarısız
942,942,Köprü,2006,Sadullah Şentürk,Ozan Yurdakul,Star TV,"['Dram','Macera','Politik']",0,1,0,1,0,0,0,Koliba Film,"Erdal Beşikçioğlu,Ayşegül Ünsal,İpek Karapınar",80,Unknown,2.0444444444444443,2.7142857142857144,2.0,0,0,0,0,Kısmen Başarılı
943,943,Kuş Dili,2006,Cem Akyoldaş,Gülin Tokat,atv,"['Aile','Dram']",1,1,0,0,0,0,0,Yağmur Ajans,"Selçuk Yöntem,Müjder Ar,Ferhat Yılmaz,Şahnaz Çakıralp,Metin Çekmez",83,Unknown,1.3644444444444446,1.25,1.0,0,0,0,0,Başarısız
944,944,Pertev Bey'in Üç Kızı,2006,Tunç Başaran,Zülküf Yücel,TRT 1,['Komedi'],0,0,1,0,0,0,0,TRT,"Serdar Gökhan,Deniz Evrenol,Deniz Gökçer,Başak Daşman,Damla Sönmez,Orhan Aydın,Itır Esen",74,Özkan Turgay,1.672077922077922,1.0,1.5,0,0,0,0,Başarısız
945,945,Rüyalarda Buluşuruz,2006,Mustafa Şevki Doğan,Nuran Devres,Show TV,"['Dram','Aile']",1,1,0,0,0,0,0,Show TV,"Selda Alkor,Mahmut Cevher,Özlem Conker,Cenk Ertan,Selda Özer",80,Aria,1.4333333333333331,1.2666666666666666,1.5,0,1,0,0,Başarısız
946,946,Sağır Oda,2006,Onur Tan,Ahmet Saatçioğlu,Kanal D,"['İstihbarat','Aksiyon']",0,0,0,1,0,0,0,Tims Productions,"Orhan Kılıç,Çağla Kubat,Engin Cezzar,Mahir Günşiray,Arsen Gürzap",84,Gökhan Kırdar,1.2,1.8888888888888888,1.5,0,0,0,0,Başarısız
947,947,Sahte Prenses,2006,Filiz Kaynak,Nuran Devres,Show TV,"['Dram','Komedi']",0,1,1,0,0,0,0,Show TV,"Luk Piyes,Deniz Uğur,Ali Emre Ateş,Damla Sönmez,Didem İnselel",80,Ali Otyam,1.270909090909091,1.0,1.5,0,0,0,0,Başarısız
948,948,Selena,2006,Bora Onur,Gani Müjde,atv,"['Fantastik kurgu','Komedi']",0,0,1,0,0,0,0,Süreç Film,"Sinem Kobal,Gökhan Keser,Cansu Demirci,Gizem Güven,Dilara Kurtulmuş,Sinan Çalışkanoğlu,Zuhal Topal",96,Temel Zümrüt,2.502040816326531,1.4285714285714286,1.736842105263158,0,0,0,0,Başarılı
949,949,Sev Kardeşim,2006,Cankat Ergin,Makbule Kosif,Kanal D,"['Komedi','Dram']",0,1,1,0,0,0,0,Yağmur Ajans,"Hande Ataizi,Davut Güloğlu,Serdar Gökhan,Ahmet Gülhan,Defne Yalnız",84,İncesaz,2.0,1.75,1.25,0,1,0,0,Kısmen Başarılı
950,950,Sevda Çiçeği,2006,Tevfik Şenol,Özgür Evren Heptürk,Show TV,['Romantik komedi'],0,0,1,0,0,0,1,Süreç Film,"Gökhan Özen,Yasemin Hadivent,Savaş Dinçel,Halit Akçatepe,Gül Onat,Ebru Karanfilci,Meral Kaplan",80,Ali Otyam,1.9523809523809523,1.0,1.25,0,0,0,0,Başarısız
951,951,Sıla,2006,Yasin Uslu,Muharrem Buhara,atv,"['Dram','Aksiyon']",0,1,0,1,0,0,0,Fm Yapım,"Cansu Dere,Mehmet Akif Alakurt,Zeynep Eronat,Menderes Samancılar,Devrim Saltoğlu,Fatoş Tez",82,Murat Tunali,2.141269841269841,1.4285714285714286,2.0,0,0,0,0,Başarılı
952,952,Tarık ve Diğerleri,2006,Gürsel Ateş,Mahmut Bengi,Samanyolu TV,['Komedi'],0,0,1,0,0,0,0,Ser Film,"Mehmet Püsküllü,Akasya Asıltürkmen,Zuhal Topal,İsmet Numanoğlu,Abidin Yerebakan",75,Unknown,1.342857142857143,2.833333333333333,1.3333333333333333,0,0,0,0,Başarısız
953,953,Ümit Milli,2006,Murat Düzgünoğlu,Yiğit Güralp,Star TV,['Komedi'],0,0,1,0,0,0,0,İstanbul Mass Media,"Alp Kırşan,Erkan Pekbay,Deniz Güngören,Damla Debre,Enes Atış,Pınar Dikici",80,İskender Paydaş,1.0416666666666667,2.5,1.5,0,0,0,0,Başarısız
954,954,Yağmurdan Sonra,2006,Naci Çelik Berksoy,Samim Utku,Samanyolu TV,['Dram'],0,1,0,0,0,0,0,Ser Film,"Seçil Mutlu Yıldız,Çağrı Atiksoy,Ali Sürmeli,Atilla Olgaç,Kayra Şenocak,Sefa Zengin",90,Aria,1.638888888888889,2.6,3.0,0,0,0,0,Başarısız
955,955,Yalancı Yarim,2006,Özer Kızıltan ,Betül Karabulut,Star TV,"['Aşk','Romantik','Komedi']",0,0,1,0,0,0,1,Fm Yapım,"Barış Akarsu,Merve Sevi,Bülent Kayabaş,Ayşe Kökçü",60,Jingle Factory,2.75,1.0,1.0,0,0,0,0,Başarısız
956,956,Yaprak Dökümü,2006,Mesude Erarslan,Ece Yörenç,Kanal D,"['Aile','Drama']",1,1,0,0,0,0,1,Ay Yapım,"Halil Ergün,Güven Hokna,Bennu Yıldırımlar,Deniz Çakır,Tolga Karel,Caner Kurtaran,Hasan Küçükçetin,Gökçe Bahadır,Fahriye Evcen,Bedia Ener,Seda Demir",75,Toygar Işıklı,2.773809523809524,2.0,1.9090909090909087,0,1,1,1,Kısmen Olgun
957,957,Yeşeren Düşler,2006,Taner Tunç,Hilal Çelenk,Samanyolu TV,['Dram'],0,1,0,0,0,0,0,Ser Film,"Bilgehan Birincioğlu,Gülşah Şahin",85,Tamer Çıray,1.6666666666666663,2.0,2.0,0,0,0,0,Kısmen Başarılı
958,958,7 Numara,2005,Sadullah Celen,Nuray Uslu,TRT 1,"['Gençlik','Komedi']",0,0,1,0,0,0,0,TRT,"Şebnem Sönmez,Engin Alkan,Tuba Erdem,Okan Selvi,Ayça Mutlugil,Nuray Uslu,Gülden Güney,Volkan Girgin",45,Serdar Kalafatoğlu,2.6,1.3846153846153846,2.5,0,0,0,0,Başarılı
959,959,Acı Hayat,2003,Abdülkadir Ceylan Ede,Aybars Bora Kahyaoğlu ,Show TV,"['Dram','Aksiyon']",0,1,0,1,0,0,0,Sinegraf,"Kenan İmirzalıoğlu,Selin Demiratar,Oğuz Galeli,Ebru Kocaağa,Ahmet Yenilmez,Murat Soydan,Meral Orhonsay,Ferdi Merter,Anta Toros",90,Aytuğ Yargıç,1.7711640211640212,1.5,1.5,0,1,0,0,Kısmen Başarılı
960,960,Alacakaranlık,2005,Yağmur Taylan,Sulhi Dölek,Show TV,"['Polisiye','Macera','Gerilim','Aksiyon']",0,0,0,1,1,0,0,Paranoya TV,"Uğur Yücel,Kenan İmirzalıoğlu",80,Aytuğ Yargıç,1.8246753246753245,2.0,2.333333333333333,0,1,0,0,Kısmen Başarılı
961,961,Aliye,2002,Kudret Sabancı,Şebnem Çitak,atv,['Dram'],0,1,0,0,0,0,0,TMC Film,"Sanem Çelik,Nejat İşler,Halit Ergenç",83,Kıraç,2.444444444444444,2.1666666666666665,2.5,0,1,0,0,Başarılı
962,962,Asmalı Konak,2005,Çağan Irmak,Mahinur Ergun,atv,"['Dram','Duygusal']",0,1,0,0,0,0,1,D Productions,"Özcan Deniz,Nurgül Yeşilçay,Selda Alkor",60,Tolga Kılıç,1.5972222222222223,1.2857142857142858,1.625,0,1,1,1,Kısmen Başarılı
963,963,Aşk Oyunu,2005,Bülent İşbilen,Meriç Demiray,atv,['Dram'],0,0,0,0,0,0,0,Med yapım,"Yasemin Ergene,Keremcem Dürük,Kuzey Vargıın,Gönen Bozbey",83,Yunus Adak,1.875,1.2727272727272727,1.3333333333333333,0,0,0,0,Kısmen Başarılı
964,964,Aşka Sürgün,2005,Cemal Şan,Pınar Ordu,atv,"['Drama','Macera']",0,1,0,1,0,0,1,Sis Yapım,"Mahsun Kırmızıgül,Beren Saat",90,Erol Mutlu,2.071428571428571,1.4444444444444444,2.5,0,1,0,0,Kısmen Başarılı
965,965,Aşkım Aşkım,2001,Filiz Kaynak,Tayfun Güneyer,Kanal D,['Komedi'],0,0,1,0,0,0,0,Yağmur Ajans,"Emel Sayın,Mehmet Ali Erbil,Doğa Rutkay,Engin Günaydın,Günay Karacaoğlu,Ayumi Takano",84,Ali Otyam,1.3819444444444444,1.0,1.6666666666666667,0,1,1,1,Başarısız
966,966,Avrupa Yakası,2005,Jale Atabey,Gülse Birsel,atv,['Durum komedisi'],0,0,1,0,0,0,0,Plato Film,"Gazanfer Özcan,Hümeyra Müşfik Kenter,Gönül Ülkü,Ata Demirer,Gülse Birsel,Engin Günaydın",90,Cenk Durmazel,5.111111111111111,3.0,4.333333333333333,0,1,1,1,Kısmen Olgun
967,967,Bayanlar Baylar,2005,Erdoğan Engin,Gani Müjde,Kanal D,['Komedi'],0,0,1,0,0,0,0,ANS Productions,"Oktay Kaynarca,Hande Ataizi,Günay Karacaoğlu,Yavuz Bingöl,Levent Üzümcü,Aşkın Nur Yengi,Belma Canciğer",84,Fikret Alper,1.9416666666666669,1.5,1.736842105263158,0,1,0,0,Başarısız
968,968,Belalı Baldız,2005,Fatih Aksoy,Haluk Özenç,atv,"['Komedi','Aile']",1,0,1,0,0,0,0,Medyapım,"Nurgül Yeşilçay,Berna Laçin,Kenan Işık,Mehmet Aslan,Cemre Özer,Sedef Şahin,Raffaele Cedolini,Selin Denizli",60,Hakan Özer,1.3489583333333337,1.6666666666666667,1.6666666666666667,0,0,0,0,Başarısız
969,969,Berivan,2002,Melih Gülgen,Sermiyan Midyat,Kanal D,['Dram'],0,1,0,0,0,0,0,Gold Film,"Bora Sivri,Hülya Uğur,Rıdvan Çelebi,Ayberk Aladar",84,Aydın Kara,2.0,2.0,2.0,0,0,0,0,Kısmen Başarılı
970,970,Beşinci Boyut,2005,Hasan Kıraç,Onur Ünlü,Samanyolu TV,"['Dram','Dini']",0,1,0,0,0,0,0,Ser Film,"Cengiz Toraman,Doğan Turan",80,Aria,5.0,3.0,2.1666666666666665,0,0,0,0,Kısmen Olgun
971,971,Beyaz Gelincik,2005,Güzide Balcı,Sulhi Dölek,atv,['Dram'],0,1,0,0,0,0,0,TMC,"Erkan Petekkaya,Sezin Akbaşoğulları,Altan Erkekli,Mehmet Günsür,İsmail Hacıoğlu,Rana Cabbar",83,Kıraç,1.7122557997558,1.3333333333333333,2.333333333333333,0,1,0,0,Kısmen Başarılı
972,972,Bir İstanbul Masalı,2003,Ömür Atay,Sertaç Ergin,atv,"['Aşk','Drama']",0,1,0,0,0,0,1,TMC,"Mehmet Aslantuğ,Ahu Türkpençe,Çetin Tekindor,Altan Erkekli,Arsen Gürzap,Vahide Perçin,İsmail Hacıoğlu,Ozan Güven",75,Kıraç,1.7108630952380952,1.2,2.0,0,1,0,0,Kısmen Başarılı
973,973,Bizim Evin Halleri,2000,Tülay Eratalay,Tolga Aydoğan,TRT 1,"['Aile','Komedi','Duygusal','Dram']",1,1,1,0,0,0,1,TRTFocus Film,"Beyhan Saran,Meral Niron,Emel Göksu,Ayşe Nil Şamlıoğlu,Şahap Sayılgan,Nusret Çetinel,Pervin Ünalp",74,Can Atilla,8.0,10.0,10.0,0,0,0,0,Olgun
974,974,Bütün Çocuklarım,2004,Faruk Teber,Gamze Özer,Kanal D,['Dram'],0,1,0,0,0,0,0,Masalevi,"Kadir İnanır,Jülide Kural,Bahar Erdeniz,Ufuk Özkan,Murat Yıldırım",84,Mustafa Korkmaz,1.3396825396825398,1.3636363636363635,1.9090909090909087,0,1,0,0,Başarısız
975,975,Büyük Buluşma,2004,Naci Çelik Berksoy,Onur Ünlü,Samanyolu TV,['Dram'],0,1,0,0,0,0,0,Ser Film,"Peri Mehtap Çiçek,Perihan Savaş,Burak Alkaş,Baki Harputlu",90,Aria,3.275,2.6,2.1666666666666665,0,0,0,0,Başarılı
976,976,Büyük Yalan,2004,Yüksel Aksu,Deniz Akçay,atv,['Drama'],0,1,0,0,0,0,1,Gold Film,"Emrah,Sinem Öztufan",83,Gürdal Karagöz,1.9583333333333333,1.5,1.4285714285714286,0,0,0,0,Kısmen Başarılı
977,977,Büyümüş de Küçülmüş,2005,Cem Karcı,Levent Demirkale,Kanal D,"['Sit-com','Komedi']",0,0,1,0,0,0,0,D Productions,"Mehmet Ali Erbil,Melisa Sözen,Nilgün Belgün,İlkay Saran,Taner Ergör,Pamela Spence,Gökçe Akyıldız,Arda Esen",120,Uğur Akyürek,1.8958333333333333,1.7777777777777777,1.0,1,0,0,0,Başarısız
978,978,Cennet Mahallesi,2004,Serdar Akar,Resul Ertaş,Show TV,['Komedi'],0,0,1,0,0,0,0,Erler Film,"Melek Baykal,Müjdat Gezen,Özkan Uğur,Alişan,Çağla Şıkel,Zeki Alasya",80,Aria,2.333333333333333,1.9090909090909087,2.0,0,0,0,0,Başarılı
979,979,Çapkın,2005,Bora Onur,Ali Can Yaraş,Show TV,"['Komedi','Romantik']",0,0,1,0,0,0,1,Süreç Film,"Okan Yalabık,Özlem Conker,Ahmet Mümtaz Taylan,Nergis Kumbasar,Suna Pekuysal,Bartu Küçükçağlayan  ",90,Unknown,1.636111111111111,1.4285714285714286,1.0,0,0,0,0,Başarısız
980,980,Çemberimde Gül Oya,2004,Çağan Irmak,Çağan Irmak,Kanal D,"['Dram','Politik']",0,1,0,0,0,0,0,Avşar Film,"Selda Alkor,Özge Özberk,Mehmet Ali Nuroğlu,Tuba Büyüküstün,Melisa Sözen,Suzan Aksoy,Şerif Sezer,Kenan BalIşıl Yücesoy",75,Taner Ayan,1.4469020562770565,1.2857142857142858,1.3333333333333333,0,1,0,0,Başarısız
981,981,Çocuğun Var Derdin Var,2004,Atıl İnaç,İlker Barış,TGRT,['Komedi'],0,0,1,0,0,0,0,Med Yapım,"Cem Davran,Şevval Sam,Berke Üzrek,Şevval Başpınar,Rüya Önal",13,Murat Evgin,1.51,1.0,1.0,0,0,0,0,Başarısız
982,982,Çocuklar Duymasın,2002,Raşit Çelikezer ,Birol Güven,atv,"['Aile','Durum komedisi']",1,0,1,0,0,0,0,Protel Yapım,"Tamer Karadağlı,Pınar Altuğ,Volkan Severcan,Zeyno Günenç,Öykü Güven",120,Unknown,1.880952380952381,3.0,1.6363636363636365,0,1,0,0,Başarılı
983,983,Çocuklar Ne Olacak,2005,Raşit Çelikezer,Metin Açıkgöz,Star TV,"['Aile','Komedi']",1,0,1,0,0,0,0,Mint Prodüksiyon,"Ayşecan Tatari,Furkan Kızılay,Özgür Ozan,Zeyno Günenç,Ferdi Akarnur,Ayşen Tekin",80,Erdem Özyılmaz,2.847222222222222,1.0,1.0,0,0,0,0,Başarısız
984,984,Dadı,2005,Fatih Aksoy,Erol Hızarcı,Show TV,"['Komedi','Sit-com']",0,0,1,0,0,0,0,Medyapım,"Gülben Ergen,Kenan Işık,Haldun Dormen,Seray Sever,Sinem Kobal,İlkay Saran",45,Hasan Baran,2.013888888888889,1.6666666666666667,2.0,0,1,0,0,Başarılı
985,985,Davetsiz Misafir,2005,Ümmü Burhan,Gani Müjde,Show TV,"['Komedi','Romantik']",0,0,1,0,0,0,1,Tükenmez Kalem,"Pınar Altuğ,Tardu Flordun,Görkem Yletan,Aykut Oray,Hakarn Gerçek",80,Temel Zümrüt,1.3142857142857145,2.0,1.736842105263158,0,1,0,0,Başarısız
986,986,Dikkat Bebek Var,2000,Haluk Bener,Özgür Evren Heptürk,TRT 1,"['Dram','Komedi']",0,1,1,0,0,0,0,TRT,"Kaan Girgin,Ceyda Düvenci,Kerem Kupacı,Nihal Menzil",74,Erdem Özyılmaz,1.7202380952380951,2.0,1.25,0,0,0,0,Kısmen Başarılı
987,987,Ekmek Teknesi,2002,Osman Sınav,Hasan Kaçan,atv,"['Komedi','Dram']",0,1,1,0,0,0,0,Sinegraf,"Savaş Dinçel,Sermin Hürmeriç,Hasan Kaçan,Kadir Çöpdemir,Ahmet Yenilmez",60,İncesaz,2.41,3.0,1.4,1,0,0,0,Başarılı
988,988,Emret Komutanım,2005,Mustafa Altıoklar,Alper Erze,Show TV,"['Askeri','Dram','Komedi']",0,1,1,0,1,0,0,Altıoklar Film Prodüksiyon,"Sarp Levendoğlu,Demet Evgar,Seda Akman",90,Tolga Çebi,1.9246031746031744,1.5,2.0,0,0,0,0,Başarılı
989,989,En İyi Arkadaşım,2004,Hamdi Alkan,Resul Ertaş,Show TV,"['Aile','Komedi']",1,0,1,0,0,0,0,Unknown,"Hamdi Alkan,Mehmet Ulay,Yılsu Sarper",60,Unknown,2.0,2.0,2.0,0,0,0,0,Kısmen Başarılı
990,990,En Son Babalar Duyar,2000,Sibel Kocataş,Necmi Yapıcı,TRT 1,"['Durum komedisi','Aile','Dram']",1,1,1,0,0,0,0,Mint Prodüksiyon,"Ayşegül Atik,Ali Erkazan,Levent Ülgen,Hatice Aslan",74,Erdem Özyılmaz,2.2472222222222222,3.6666666666666665,5.0,0,0,0,0,Kısmen Olgun
991,991,Esir Şehrin İnsanları,2003,Cafer Özgül,Ahmet Yurdakul,TRT 1,"['Dram','Tarihî']",0,1,0,0,0,1,0,TRT,"Emre Kınay,Zeynep Tokuş,Fikret Kuşkan,Başak Köklükaya,Seray Sever,Zafer Algöz,Ali Sirmen",74,Unknown,1.5193665983139668,1.0,3.555555555555556,0,0,0,0,Başarısız
992,992,Evdeki Yabancı,2000,Ümmü Burhan,Nuran Devres,Kanal D,"['Komedi','Aile']",1,0,1,0,0,0,0,Ans Productions,"Berna Laçin,Tardu Flordun,Oya Aydoğan,Aliye Uzunatağan,Alp Öyken",84,Fikret Alper,1.96,2.0,1.5,0,0,0,0,Kısmen Başarılı
993,993,Gülbeyaz,2003,Özer Kızıltan,Rüya İşçileri,Kanal D,"['Macera','Drama']",0,1,0,1,0,0,1,eyeQ prodiction,"Şevval Sam,Nejat İşler,Meral Çetinkaya,Kamran Usluer,Bora Ayanoğlu,Yeşim Ceren Bozoğlu",50,Unknown,1.6916666666666669,1.25,1.25,0,0,0,0,Başarısız
994,994,Gümüş,2005,Tarık Alpagut,Pınar Ordu,Kanal D,"['Dram','Romantik']",0,1,0,0,0,0,1,D Productions,"Kıvanç Tatlıtuğ,Songül Öden,Ekrem Bora",84,Cem Erman,2.074074074074074,3.0,2.5,0,1,0,0,Başarılı
995,995,Hayat Bilgisi,2005,Tarkan Karlıdağ,Gani Müjde,Show TV,"['Gençlik','Komedi','Aile']",1,0,1,0,0,0,0,Süreç Film,"Perran Kutman,Tarık Pabuççuoğlu,Kerem Kupacı",60,Temel Zümrüt,2.9111111111111114,2.333333333333333,1.736842105263158,0,0,0,0,Başarılı
996,996,Haziran Gecesi,2005,Andaç Haznedaroğlu,Mahinur Ergun,Kanal D,['Dram'],0,1,0,0,0,0,0,Gold Film,"Özcan Deniz,Naz Elmas,Nebahat Çehre,Demir Karahan",60,Gökhan Kırdar,1.761904761904762,1.6666666666666667,1.625,0,1,0,0,Kısmen Başarılı
997,997,Hekimoğlu,2003,Murat Saraçoğlu,Mahmut Bengi,Samanyolu TV,"['Dram','Aksiyon']",0,1,0,1,0,0,0,Ser Film,"Serdar Özer,İsmet Gülsoy,Cem Kurtoğlu,Aslı Orcan,İsmet Erten,Barış Koçak",80,Aria,1.0666666666666669,2.6666666666666665,1.3333333333333333,0,0,0,0,Başarısız
998,998,Hırsız Polis,2005,Türkan Derya Güven,Gaye Boralıoğlu,Kanal D,['Polisiye'],0,0,0,1,1,0,0,TMC Film,"Uğur Yücel,Timuçin Esen,Özlem Düvencioğlu,Murat Daltaban,Erol Günaydın,Ozan Güven,Rasim Öztekin",84,Unknown,2.301948051948052,2.0,1.5,0,1,1,1,Kısmen Başarılı
999,999,Hürrem Sultan,2003,Fatih Aksoy,Mehmet Murat Somer,Star TV,['Tarihî'],0,0,0,0,0,1,0,Medyapım,"Gülben Ergen,Ali Sürmeli,Hatice Aslan,Serdar Deniz",80,Rahman Aydın,2.4097222222222223,1.6666666666666667,1.0,0,1,0,0,Başarısız
1000,1000,Gurbet Kadını,2003,Melih Gülgen,Ahmet Yurdakul,Show TV,['Dram'],0,1,0,0,0,0,0,Erler Film,"Meltem Cumbul,Burak Hakkı,Fatma Girik",80,Unknown,1.9318181818181817,2.0,3.555555555555556,0,1,0,0,Kısmen Başarılı
1001,1001,Ihlamurlar Altında,2005,Aydın Bulut,Nilgün Öneş,Kanal D,['Dram'],0,1,0,0,0,0,0,Avşar Film,"Bülent İnal,Tuba Büyüküstün,Özge Borak,Sinan Tuzcu",100,İntizar,1.4931818181818182,1.1111111111111112,1.5,0,0,0,0,Kısmen Başarılı
1002,1002,İkinci Bahar,2005,Uğur Yücel,Sulhi Dölek,atv,['Dram'],0,1,0,0,0,0,0,Erler FilmMost Production,"Türkan Şoray,Şener Şen,Tarık Papuççuoğlu,Güven Hokna,Nedim Saban,Özkan Uğur,Nurgül Yeşilçay,Ozan Güven",83,İncesaz,2.278125,3.0,2.333333333333333,0,1,0,0,Başarılı
1003,1003,İyi Aile Robotu,2002,Yücel Uçanoğlu,Fatih Solmaz,Kanal 7,"['Aile','Komedi']",1,0,1,0,0,0,0,Kanal 7,"Taylan Erler,Tomris Oğuzalp,Selda Özbek",54,Bora Ebeoğlu,1.3333333333333333,1.0,1.0,0,0,0,0,Başarısız
1004,1004,Kadın İsterse,2005,Bora Tekay,Yelda Açıkgöz,Show TV,"['Dram','Komedi']",0,1,1,0,0,0,0,Mint Prodüksiyon,"Hülya Avşar,Cihan Ünal,Deniz Çakır,Zerrin Sümer,Derya Baykal,Kazım Akşar,Burçin Terzioğlu,Vildan Atasever,Oğuz Oktay,Cahit Kaşıkçılar,Elif Tayhan",80,Erdem Özyılmaz,1.748642266824085,1.8,1.5,0,1,0,0,Kısmen Başarılı
1005,1005,Kampüsistan,2003,Uluç Bayraktar,Deniz Ergun,Kanal D,"['Dram','Gençlik']",0,1,0,0,0,0,0,D Productions,"Kaan Urgancıoğlu,Göksun Çam,Burak Altay,Tuğçe Kazaz,İpek Değer,Engin Hepileri,Irmak Ünal,Ekim Mağden,Aylin Kontente,Elif Akşar,İstemihan Tuna",84,Hakan Oral,1.8685064935064937,1.6666666666666667,2.0,1,1,0,0,Kısmen Başarılı
1006,1006,Kezban Yenge,2005,Hilal Saral,Kasım Uçkan,Kanal 7,"['Komedi','Dram']",0,1,1,0,0,0,0,Kanal 7,"Parkan Özturan,Şensel Uykal,Gamze İnci,Gökçe Yurtsal,Tuncay Gürel",60,Fatih Ihlamur,2.0,1.625,2.0,0,0,0,0,Kısmen Başarılı
1007,1007,Kınalı Kar,2002,Taner Akvardar,Gamze Özer ,Kanal D,['Dram'],0,1,0,0,0,0,0,Yağmur Ajans,"Emrah,Özlem Conker,Engin Şenkan,Mustafa Avkıran",60,Ali Otyam,2.270833333333333,2.125,3.0,0,0,1,1,Başarılı
1008,1008,Koçum Benim,2002,Vecihi Ener,Yonca Akasya,TRT 1,"['Komedi','Aile']",1,0,1,0,0,0,0,Replik Ajans,"Tarık Akan,Ebru Cündübeyoğlu,Engin Altan,Sevil Üstekin,Zihni Göktay,Ozan Güven,Yunus Günçe",74,	Melih Kibar,1.6666666666666663,2.0,2.0,0,0,0,0,Kısmen Başarılı
1009,1009,Kurtlar Vadisi,2003,Osman Sınav,Ahmet Yurdakul,Show TV,"['Aksiyon','Dram','Politik']",0,1,0,1,0,0,0,Sinegraf,"Necati Şaşmaz,Özgü Namal,Selçuk Yöntem,Oktay Kaynarca,Zafer Ergin,Gürkan Uygun",65,Gökhan Kırdar,4.607407407407407,3.0,3.555555555555556,1,0,0,0,Başarılı
1010,1010,Kurşun Yarası,2003,Özer Kızıltan,Ayhan Sonyürek,atv,['Dram'],0,1,0,0,0,0,0,Avşar Film,"Berdan Mardini,Gerçek Sağlar,Bülent İnal,A. Yavuz Sepetçi,Ayçin İnci,Avni Yalçın,Ahmet Mümtaz Taylan,Nur Sürer,Emrah Elçiboğa,Mehmet Akan,Mesut Akusta,Ali Kırca,Fikret Hakan",83,Kemal Sahir Gürel,2.4662004662004664,1.25,2.0,0,0,0,0,Kısmen Başarılı
1011,1011,Kuzenlerim,2002,Bülent Özdural,Gamze Özer,TRT 1,"['Aile','Komedi']",1,0,1,0,0,0,0,TRT,"Volkan Severcan,İhsan Bilsev,Arda Kural,Ayşegül Ünsal",94,Unknown,2.270833333333333,2.5,1.9090909090909087,0,0,0,0,Başarılı
1012,1012,Lise Defteri,2003,Mustafa Altıoklar,Tarkan Çeper,Kanal D,"['Gençlik','Komedi','Dram']",0,1,1,0,0,0,0,Altıoklar Film Prodüksiyon,"Ece Erken,Emre Altuğ,Arda Kural,Selin Demiratar",60,Unknown,1.4970238095238095,1.5,1.0,0,0,0,0,Başarısız
1013,1013,Mavi Rüya,2005,Avni Kütükoğlu,Samim Utku,Samanyolu TV,"['Dram','Gerilim']",0,1,0,1,0,0,0,Ser Film,"Melda Bekcan,Ali Başar,Esin Civangil",80,Aria,1.8611111111111116,2.0,3.0,0,0,0,0,Kısmen Başarılı
1014,1014,Melekler Adası,2004,Cankat Ergin,Nuran Devres,atv,"['Dram','Gerilim']",0,1,0,1,0,0,0,Yağmur Ajans,"Nurgül Yeşilçay,Devrim Nas,Cem Özer,Neriman Uğur",60,Ali Otyam,2.09375,1.75,1.5,0,0,0,0,Başarılı
1015,1015,Omuz Omuza,2004,Ersoy Güler,Deniz Akçay,Kanal D,"['Komedi','Romantik']",0,0,1,0,0,0,1, D Production,"Pınar Altuğ,Ebru Cündübeyoğlu,Bekir Aksoy",84,Unknown,1.8015873015873016,2.0,1.4285714285714286,0,1,0,0,Başarısız
1016,1016,Serseri,2003,Cem Akyoldaş,Alican Yaraş,Kanal D,"['Romantik','Drama','Komedi']",0,1,1,0,0,0,1,Yağmur Ajans,"Gamze Özçelik,Okan Yalabık,Erkan Petekkaya,Cüneyt Arkın",80,Ali Otyam,1.8990384615384617,1.25,1.6,0,1,0,0,Kısmen Başarılı
1017,1017,Sihirli Annem,2003,Ersoy Güler,Gamze Özer,Star TV,"['Fantastik','Komedi']",0,0,1,0,0,0,0,Süreç Film,"İnci Türkay,Şahap Sayılgan,Defne Joy Foster,Zuhal Topal,Nevra Serezli,Ebru Karanfilci,Gül Onat",60,Yongün Keymen,2.935374149659864,2.0,1.9090909090909087,0,0,0,0,Başarılı
1018,1018,Sırlar Dünyası,2002,Taner Tunç,Mehmet Uyar,Samanyolu TV,['Dram'],0,1,0,0,0,0,0,Zoom Art Production,"Reha Yeprem,Fatma Belgen,Salih Kırmızı,Yusuf Sezgin",75,Unknown,4.0,2.0,5.0,0,0,0,0,Kısmen Olgun
1019,1019,Sultan Makamı,2003,Aydın Bulut,Ali Ulvi Hünkar,Kanal D,['Dram'],0,1,0,0,0,0,0,Avşar Film,"Şevket Çoruh,Başak Köklükaya,Uğur Polat,Dolunay Soysert,Kerem Atabeyoğlu,Suzan Elif Kılınç",70,Kemal Sahir Gürel,1.7194444444444443,1.1111111111111112,1.6666666666666667,0,0,0,0,Başarısız
1020,1020,Şubat Soğuğu,2005,Demir Keskin,Mahmut Bengi,Samanyolu TV,"['Dram','Polisiye']",0,1,0,1,1,0,0,Ser Film,"Kenan Bal,Suavi Eren",90,Aria,2.0,2.0,1.3333333333333333,0,0,0,0,Kısmen Başarılı
1021,1021,Şöhret,2005,Bahadır İnce,Deniz Akçay,atv,['Dram'],0,1,0,0,0,0,0,Gold Film,"Ahu Türkpençe,Atilla Saral,Murat Ünalmış,Nurseli İdiz,Şebnem Dilligil,Türkan Kılıç,Onur Bayraktar,Burak Altay,Oya Okar,Bengi Öztürk,Kevork Türker,Ebru Gediz,Selma Ergeç,Yalçın Dümer",90,eMg müzik,2.0841269841269843,1.5714285714285714,1.4285714285714286,0,0,0,0,Kısmen Başarılı
1022,1022,Tatlı Hayat,2001,Bora Tekay,Haluk Özenç,Show TV,"['Komedi','Sit-com']",0,0,1,0,0,0,0,Medyapım,"Türkan Şoray,Haluk Bilginer,Asuman Dabak,Çolpan İlhan,Neco,Celal Kadri Kınoğlu,Gamze Özçelik,Emre Altuğ,,Veysel Diker,Sevinç Aktansel,Sedat Kalkavan,Levent Sülün",80,Hakan Özer,2.2397764628533863,1.8,1.6666666666666667,0,1,0,0,Başarılı
1023,1023,Üzgünüm Leyla,2000,Taner Akvardar,Sertan Ergin,TRT 1,"['Aile','Komedi','Duygusal']",1,1,1,0,0,0,0,TRT,"Perran Kutman,Selçuk Yöntem,Hakkı Ergök,Çetin Tekindor",74,Unknown,2.072222222222222,2.125,2.0,0,0,0,0,Kısmen Başarılı
1024,1024,Vay Anam Vay,2005,Erdoğan Engin,Gani Müjde,Kanal D,['Komedi'],0,0,1,0,0,0,0,D Productions,"Nevra Serezli,Atilla Olgaç,Sıdıka Şenkan,Ayhan Kavas,Gülen Karaman,Hakan Vanlı,Burçak Işımer",95,Güliz Asyalı,1.9285714285714284,1.5,1.736842105263158,0,0,0,0,Kısmen Başarılı
1025,1025,Yabancı Damat,2004,Yağmur Taylan,Ayşe Teker,Kanal D,['Dram'],0,1,0,0,0,0,0,Erler Film,"Erdal Özyağcılar,Sumru Yavrucuk,Nehir Erdoğan,Özgür Çevik,Arif Erkin,Zeki Alasya,Binnur Kaya,Tülin Oral,Yılmaz Gruda",80,Gökhan Kırdar,2.105952380952381,2.0,2.5,0,0,1,1,Başarılı
1026,1026,Yağmur Zamanı,2004,Dilek Gökçin,Tuna Kiremitçi,Show TV,"['Dram','Aile']",1,1,0,0,0,0,0,TMC Film,"Tamer Karadağlı,Zeynep Irgat,Levend Yılmaz,Betül Çobanoğlu",90,Tufan Kıraç,1.875,2.0,2.0,0,1,0,0,Kısmen Başarılı
1027,1027,Yanık Koza,2005,Murat Saraçoğlu,N. İpek Aksoy,Show TV,"['Dram','Genel']",0,1,0,0,0,0,0,Limon Film,"Yavuz Bingöl,Başak Köklükaya,Çolpan İlhan,Ayça İnci,Mustafa Alabora,Burak Davutoğlu,Tuncer Necmioğlu,Serdar Özer,Başak Daşman,Kemal Okur,Barış Erdi,Perihan Savaş,Mete Horozoğlu,Sedef Avcı,Hande Kazanova,Saadet Gürses,Erdal Cindoruk,Ali Karagöz,Yavuz Karakaş",90,Tamer Çıray,2.56359649122807,2.6666666666666665,3.0,0,0,0,0,Başarılı
1028,1028,Yarım Elma,2002,Deniz Akçay,Gani Müjde,Show TV,"['Komedi','Dram']",0,1,1,0,0,0,0,Sis Yapım,"Janset Paçal,Günay Karacaoğlu",45,Unknown,1.5625,2.0,1.736842105263158,0,0,0,0,Kısmen Başarılı
1029,1029,Yeditepe İstanbul,2001,Türkân Derya Güven,Ali Ulvi Hünkar,TRT 1,"['Dram','Aile','Duygusal']",1,1,0,0,0,0,1,TRT,"Emre Kınay,Zuhal Olcay,Uğur Polat,Itır Esen,Oktay Kaynarca",40,Derya Köroğlu,1.377719298245614,2.0,1.6666666666666667,0,0,0,0,Kısmen Başarılı
1030,1030,Yeniden Çalıkuşu,2005,Cem Akyoldaş,Hakan Haksun,Star TV,['Drama'],0,1,0,0,0,0,1,Kalinos Prodüksiyon,"Tuba Ünsal,Burak Hakkı,Kaan Urgancıoğlu,Aliye Uzunatağan,Zerrin Arbaş,Suna Selen,Itır Esen,Ahmet Uz,Kaya Akarsu,Taner Ertürkler",60,Cahit Berkay,1.6420454545454546,1.25,1.5,0,1,0,0,Başarısız
1031,1031,Yusuf Yüzlü,2004,Emine Çelebi,Hüdaverdi Yavuz,Samanyolu TV,['Dram'],0,1,0,0,0,0,0,Ser Film,"Haluk Kurtoğlu,Melda Bekcan,Hüdelfa Taştekin,Yılmaz Köksal,Uğur Kıvılcım",60,Aria,1.3666666666666667,1.0,1.0,0,0,0,0,Başarısız
1032,1032,Zehirli Çiçek,2000,Samim Değer,Safa Önal ,Show TV,"['Dram','Gerilim']",0,1,0,1,0,0,0,Erler Film,"Tuğba Özay,Çağla Şıkel,Aysun Kayacı,Özlem Savaş,Burak Hakkı,Kerem Alışık,Faruk Peker,Tarık Tarcan,Karahan Çantay,Levent Özdilek,Petek Dinçöz,Zuhal Topal,Sibel Gökçe,Güneş Berberoğlu,Efgan Efekan,Ahmet Uz,Semra Dinçer,Orçun Sonat",50,Ali Otyam,1.9866522366522368,2.0,2.0,0,0,0,0,Kısmen Başarılı
1033,1033,Zerda,2005,Kudret Sabancı,Gaye Boralıoğlu,atv,['Drama'],0,1,0,0,0,0,1,TMC,"Yavuz Bingöl,Ece Uslu,Burak Sergen,Güven Hokna,Halit Ergenç,Hülya Şen",90,Kıraç,2.243055555555556,2.1666666666666665,1.5,0,1,0,0,Kısmen Başarılı
1034,1034,Zeynep,2005,Aram Gülyüz,Melek Gençoğlu,Kanal 7,['Dram'],0,1,0,0,0,0,0,Tara Film,"Eşref Kolçak,Dilek Pakalın,Yavuz Topoyan,Tibet Töre",35,Erhan Güleryüz,1.5833333333333337,3.0,1.0,0,0,0,0,Başarısız
1035,1035,Aynalı Tahir,2004,Erhan Baytimur,Sergin Akyaz,Star TV,['Dram'],0,1,0,0,0,0,0,Base Productions,"Alişan,Arif Kilisli,Erkan Petekkaya,Bulut Aras,Saruhan Hünel,Kayra Şenocak,Yeşim Büber,Arkın Gelenbe,Emine Ün ",45,Yıldıray Gürgen,3.501424501424501,3.333333333333333,3.0,0,1,0,0,Kısmen Olgun
1036,1036,Ayrılsak da Beraberiz,1999,Sibel Kocataş,Murat Aras,TRT 1,"['Sitkom','Aile']",1,0,0,0,0,0,0,Mint Prodüksiyon,"Hakan Yılmaz,Janset,Necmi Yapıcı,Belma Canciğer,Simge Selçuk,Tulu Çizgen,Selahattin Taşdöğen",45,Unknown,3.4285714285714284,3.6666666666666665,4.4,0,0,0,0,Kısmen Olgun
1037,1037,Ayşecik,1999,Ayhan Önal,Çetin Büyükakın,Show TV,['Drama'],0,1,0,0,0,0,1,Show TV,"Ecem Kanun,Meltem Ören,İhsan Bilsev,Uğur Kıvılcım",80,Unknown,2.4166666666666665,2.0,2.333333333333333,0,0,0,0,Kısmen Başarılı
1038,1038,Baba Evi,1999,Yusuf Kurçenli,Neşe Cehiz,atv,['Dram'],0,1,0,0,0,0,0,Muhteşem Film,"Halil Ergün,Deniz Gökçer,Sevinç Erbulak,Ayşegül Ünsal,Altan Karındaş,İsmet Ay,İhsan Devrim",83,Cengiz Onural,3.571428571428572,4.0,4.0,0,1,1,1,Başarılı
1039,1039,Bizimkiler,1999,Yalçın Yelence,Umur Bugay,TRT 1,['Aile'],1,0,0,0,0,0,0,TRT,"Erdal Özyağcılar,Ayşe Kökçü,Atılay Uluışık,Ercan Yazgan,Mehmet Akan,Savaş Dinçel,Oktay Sözbir",55,Unknown,8.964285714285714,15.0,15.0,0,0,1,1,Olgun
1040,1040,Bizim Aile,1999,Kartal Tibet,Civan Canova,Kanal D,"['Komedi','Aile']",1,0,1,0,0,0,0,Mine Film,"Toprak Sergen,Kaya Akkaya,Kerim Afşar,Mine Çayıroğlu,Şahnaz Çakıralp",45,Unknown,1.3,1.0,1.0,0,0,0,0,Başarısız
1041,1041,Bizim Ev,1999,İsmail Güneş,Ömer Lütfi Mete,TGRT,"['Aile','Duygusal','Macera']",1,0,0,1,0,0,1,Mavi Film,Cüneyt Arkın,50,Cahit Berkay,2.0,3.0,3.0,0,0,0,0,Başarılı
1042,1042,Bizim Mahalle,1999,Ülkü Erakalın,Çetin Büyükakın,TRT 1,"['Aile','Komedi','Macera']",1,0,1,1,0,0,0,TRT,"Neslihan Acar,Osman Yağmurdereli,Üstün Asutay,Neriman Köksal,Nilgün Belgün,Meltem Ören,İlhan Daner",45,Oğuz Abadan,6.3809523809523805,5.5,2.333333333333333,0,0,0,0,Kısmen Olgun
1043,1043,Böyle mi Olacaktı,1999,Ümit Efekan,Erdoğan Tünaş,atv,"['Dram','Aile','Gençlik']",1,1,0,0,0,0,0,Erler Film,"Açelya Akkoyun,Berna Laçin,Hande Ataizi",50,Özkan Turgay,3.0,3.5,3.5,0,1,0,0,Kısmen Olgun
1044,1044,Bücür Cadı,1999,Adem Ayral ,Çetin Büyükakın,Star TV,"['Fantastik','Komedi','Dram']",0,1,1,0,0,0,0,Sezer Tanıtım,"Yunus Bülbül,Önder Açıkalın,Sezer Güvenirgil,Merve Erdoğan",25,Volkan Gücer,1.0,1.0,2.333333333333333,0,0,0,0,Başarısız
1045,1045,Çarli,1999,Bülent Özdural,Nevzat Kitapçı,Star TV,['Komedi'],0,0,1,0,0,0,0,D Productions,"Çarli,Ercan Diler,Berrin Arısoy,Melodi Bağcı,İlker Aksum,Okan Sanlıtop",40,Kadir Turnalı,1.8958333333333333,2.5,2.0,0,0,0,0,Kısmen Başarılı
1046,1046,Çılgın Bediş,1999,Yavuz Figenli,Süleyman Solmaz,Kanal D,"['Gençlik','Komedi']",0,0,1,0,0,0,0,Güneş Film,"Yonca Evcimik,Cenk Torun,Çiçek Dilligil,Selahattin Taşdöğen",40,Aykut Gürel,3.583333333333333,4.0,4.0,0,0,0,0,Başarılı
1047,1047,Çiçek Taksi,2000,Yaşar Seriner,Yılmaz Okumuş,atv,"['Aile','Komedi']",1,0,1,0,0,0,0,Erler Film,"Erol Günaydın,Eşref Kolçak,Ümit Yesin,Bekir Aksoy,Cengiz Küçükayvaz",45,Özkan Turgay,3.4333333333333327,3.5,7.0,0,0,0,0,Kısmen Olgun
1048,1048,Deli Yürek,2000,Osman Sınav,Raci Şaşmaz,atv,"['Aksiyon','Dram','Politik']",0,1,0,1,0,0,0,Sinegraf,"Kenan İmirzalıoğlu,Zeynep Tokuş,Melda Bekcan,Demir Karahan,Kürşat Alnıaçık,Ali Sürmeli,Selçuk Yöntem",60,Bora Ebeoğlu,2.3154195011337864,3.0,5.333333333333333,1,1,0,0,Başarılı
1049,1049,Eltiler,1999,Uğur Erkır,Aysel Köz,TGRT,"['Komedi','Duygusal','Aile']",1,0,1,0,0,0,1,Renk Yapım,"Sevinç Aktansel,Engin Şenkan,Betül Arım,Ayşen İnci",13,Sertaç Özgümüş,2.125,3.0,2.0,0,0,0,0,Kısmen Başarılı
1050,1050,İlişkiler,1999,Ülkü Erakalın,Filiz Terzi,atv,"['Aile','Dram']",1,1,0,0,0,0,0,Replik Ajans,"Evrim Solmaz,Ayla Oranlı,Bilal Yıkılmaz,Cengiz Sezici,Erdoğan Akduman,Gökhan Mete",45,Unknown,2.833333333333333,5.5,3.0,0,0,0,0,Başarılı
1051,1051,Kara Melek,1999,Uğur Erkır,Mahinur Ergun,Star TV,"['Macera','Dram']",0,1,0,1,0,0,0,Eylül TV,"Sanem Çelik,Ece Uslu,Mustafa Alabora,Toprak Sergen,Ziya Kürküt,Zehra Alptürk,Aliye Uzunatağan,Sevtap Çapan,Memet Ali Alabora,Şenay Gürler,Ebru Akel,Yağmur Kaşifoğlu,Zerrin Arbaş",45,Unknown,2.8385531135531137,3.0,1.625,0,1,0,0,Başarılı
1052,1052,Küçük Besleme,1999,Tunca Yönder,Sevda Aktolga,Star TV,['Dram'],0,1,0,0,0,0,0,"Yeni Yapımlar Yönder Ltd,Şti","Tomris Oğuzalp,Nur Kulakoğlu,Esmeray,Gökhan Eğilmezbaş,Kuzey Vargın",65,P. Murat Özdemir,2.7,4.5,3.0,0,0,0,0,Başarılı
1053,1053,Küçük İbo,1999,Zeynep Tor,Hüseyin Karakaş,Show TV,"['Dram','Gerilim']",0,1,0,1,0,0,0,Sedine Prodüksiyon,"İbrahim Küçük,Bülent Bilgiç,Yasemin Koşal,Levent Üzümcü,Nazan Ersan,Selen Güzel,Ceyda Ateş,Canan Kılıç,Günyol Bakoğlu,Nurhan Yılmaz,Şinasi Yurtsever,Canan Akgül,Merve Erdoğan ",45,Özkan Turgay,3.507692307692308,4.0,4.0,0,0,0,0,Başarılı
1054,1054,Mahallenin Muhtarları,1999,Oğuz Yalçın,Kandemir Konduk,Star TV,['Aile'],1,0,0,0,0,0,0,Replik Yapım,"Aydan Burhan,Erkan Can,Cihat Tamer,Işık Aras,Goncagül Sunar,Esra Akkaya,Nedret Özbek,Leman Çıdamlı,Filiz Taçbaş",40,Özkan Turgay,7.151234567901235,10.0,10.0,0,0,0,0,Olgun
1055,1055,Marziye,1999,Taner Akvardar,Nuran Devres,TGRT,['Dram'],0,1,0,0,0,0,0,Yağmur Ajans,"Kadir İnanır,Gülben Ergen",13,Ali Otyam,1.4464285714285714,2.125,1.5,0,1,0,0,Kısmen Başarılı
1056,1056,Örümcek,1999,Zeynep Tor,Hüseyin Karakaş,Show TV,"['Dram','Gerilim']",0,1,0,1,0,0,0,Sedine Prodüksiyon,"Nilüfer Kurt,İpek Tenolcay,Betül Arım,Asuman Dabak,Aykut Sözeri",55,Özkan Turgay,3.077777777777778,4.0,4.0,0,0,0,0,Başarılı
1057,1057,Ruhsar,1999,Ümmü Burhan,Gani Müjde,Kanal D,"['Fantastik','Komedi']",0,0,1,0,0,0,0,ANS Productions,"Hande Ataizi,Cem Davran",45,Özkan Turgay,2.4,2.0,1.736842105263158,0,1,0,0,Kısmen Olgun
1058,1058,Sıdıka,1999,Mahinur Ergun ,Atilla Atalay,Show TV,['Komedi'],0,0,1,0,0,0,0,Limon Yapım,"Hasibe Eren,Füsun Demirel,Ali Erkazan,Hakan Tanfer",80,Atilla Atalay,2.6333333333333337,3.0,3.0,0,0,0,0,Başarılı
1059,1059,Sırılsıklam,1999,Temel Gürsu,Arda Uskan,Show TV,"['Drama','Macera']",0,1,0,1,0,0,1,Show TV,"İbrahim Erkal,Melis Yamalıoğlu,Süleyman Turan,Engin Koç,Canan Perver,Deniz Eroğlu,Yosi Mizrahi,Eşref Kolçak,Kuzey Vargın,Engin Günay,Şener Gezgen,Burçin Terzioğlu",45,İbrahim Erkal,2.136111111111111,2.0,2.0,0,1,0,0,Kısmen Başarılı
1060,1060,Şaşıfelek Çıkmazı,1999,Mahinur Ergun,Mahinur Ergun,TRT 1,"['Dram','Komedi']",0,1,1,0,0,0,0,TRT,"Derya Alabora,Zuhal Gencer,Fikret Kuşkan,Füsun Demirel,Dilaver Uyanık,Suzan Aksoy,Mahperi Mertoğlu,Aysun Metiner,Hakan Tanfer",45,Can Atilla,2.9722222222222223,4.0,1.625,0,0,0,0,Başarılı
1061,1061,Şehnaz Tango,1999,Taner Akvardar,Oya Yüce,Star TV,"['Romantik komedi','Dram','Aşk']",0,1,1,0,0,0,1,Ar Ajans,"Perran Kutman,Erdal Özyağcılar",80,Özkan Turgay,2.825,2.125,2.0,0,0,0,0,Başarılı
1062,1062,Şeytanın Gözyaşları,1999,Levent Demirkale,Selçuk Akman,atv,"['Macera','Dram']",0,1,0,1,0,0,0,atv,"Almila Uluer,Müge Ulusoy,Yaprak Meral,Cünet uzunlar,Mutlu Polat,mehmet tepe,Mehtap Bayrı",25,Cahit Berkay,1.0,1.0,1.0,0,0,0,0,Başarısız
1063,1063,Tatlı Kaçıklar,1999,Aram Gülyüz,İhsan Aydın,atv,['Durum komedisi'],0,0,1,0,0,0,0,Erler Film,"Mehmet Ali Erbil,Yalçın Menteş,Buket Dereoğlu,Neslihan Yeldan,Pelin Körmükçü,İsmet Ay,Erol Günaydın,Meltem Cumbul,Kayhan Yıldızoğlu,Ümit Okur,Dursun Ali Sarıoğlu,Yıldız Kaplan",40,Özkan Turgay,4.201388888888888,3.0,5.0,0,1,0,0,Kısmen Olgun
1064,1064,Üvey Baba,2000,Tunca Yönder,Samim Utku,Star TV,['Dram'],0,1,0,0,0,0,0,"Yeni Yapımlar Yönder Ltd,Şti","Şemsi İnkaya,Betül Aşçıoğlu,Burçin Abdullah,Seda Çetin,Tunca Yönder",80,Serdar Kalafatoğlu,4.8,4.5,3.0,0,0,0,0,Kısmen Olgun
1065,1065,Yılan Hikâyesi,1999,Nihat Durak,Tayfun Güneyer,Kanal D,"['Dram','Komedi','Polisiye']",0,1,1,1,1,0,0,Yağmur Ajans,"Meltem Cumbul,Memet Ali Alabora",55,Unknown,2.708333333333333,2.6666666666666665,1.6666666666666667,1,1,1,1,Başarılı
